time,latitude,longitude,depth,mag,magType,nst,gap,dmin,rms,net,id,updated,place,type,horizontalError,depthError,magError,magNst,status,locationSource,magSource
2020-03-18T17:03:53.714Z,17.9398,-66.9635,10,2.7,ml,,206,0.082,0.32,us,us60008hxx,2020-03-18T17:35:36.040Z,"Puerto Rico",earthquake,1.9,1.8,0.061,35,reviewed,us,us
2020-03-18T17:02:46.246Z,0.4724,-25.0851,10,4.9,mb,,51,12.482,0.67,us,us60008hyf,2020-03-18T17:30:59.040Z,"central Mid-Atlantic Ridge",earthquake,11.7,1.8,0.093,36,reviewed,us,us
2020-03-18T16:24:46.600Z,17.909,-66.866,14,2.51,md,4,232,0.0674,0.12,pr,pr2020078024,2020-03-18T16:44:00.336Z,"Puerto Rico region",earthquake,1.35,0.8,0.15,2,reviewed,pr,pr
2020-03-18T15:54:22.770Z,17.9956,-66.837,10,2.85,md,8,167,0.0469,0.23,pr,pr2020078023,2020-03-18T16:43:44.720Z,"Puerto Rico",earthquake,1.42,1.18,0.29,5,reviewed,pr,pr
2020-03-18T14:29:46.880Z,17.909,-66.8776,14,2.75,md,8,232,0.0661,0.26,pr,pr2020078022,2020-03-18T15:27:18.283Z,"Puerto Rico region",earthquake,1.58,0.83,0.26,2,reviewed,pr,pr
2020-03-18T14:22:08.150Z,17.9201,-66.873,13,2.96,md,8,227,0.0553,0.11,pr,pr2020078021,2020-03-18T15:27:34.690Z,"Puerto Rico region",earthquake,0.92,0.34,0.24,5,reviewed,pr,pr
2020-03-18T08:28:04.050Z,17.8876,-66.7831,7,3.01,md,7,244,0.13,0.09,pr,pr2020078018,2020-03-18T12:25:09.611Z,"Puerto Rico region",earthquake,1.28,0.54,0.34,3,reviewed,pr,pr
2020-03-18T07:19:53.530Z,17.849,-66.8756,13,3.06,md,8,253,0.1261,0.06,pr,pr2020078014,2020-03-18T12:15:09.953Z,"Puerto Rico region",earthquake,0.94,0.51,0.23,4,reviewed,pr,pr
2020-03-18T06:47:37.150Z,17.8666,-66.9143,10,2.53,md,8,248,0.114,0.06,pr,pr2020078013,2020-03-18T07:08:42.233Z,"Puerto Rico region",earthquake,0.54,0.77,0.29,4,reviewed,pr,pr
2020-03-18T06:17:55.350Z,17.9176,-66.9383,12,2.51,md,5,231,0.0825,0.08,pr,pr2020078012,2020-03-18T06:34:36.826Z,"Puerto Rico region",earthquake,0.98,0.61,0.08,3,reviewed,pr,pr
2020-03-18T05:08:36.430Z,18.6308,-68.695,121,3.72,md,9,172,1.2405,0.45,pr,pr2020078011,2020-03-18T12:35:17.040Z,"Dominican Republic",earthquake,7.58,3.15,0.45,6,reviewed,pr,pr
2020-03-18T02:51:36.380Z,17.9586,-66.9015,13,3.09,md,8,211,0.0277,0.3,pr,pr2020078006,2020-03-18T04:11:08.661Z,"Puerto Rico region",earthquake,2.59,0.94,0.21,4,reviewed,pr,pr
2020-03-18T02:18:17.490Z,17.8956,-66.797,9,2.64,md,8,240,0.1144,0.07,pr,pr2020078005,2020-03-18T03:08:05.040Z,"Puerto Rico region",earthquake,0.84,0.69,0.35,5,reviewed,pr,pr
2020-03-18T01:14:40.060Z,17.9081,-66.8115,13,3,md,7,235,0.0952,0.1,pr,pr2020078002,2020-03-18T03:38:12.034Z,"Puerto Rico region",earthquake,0.97,0.41,0.12,4,reviewed,pr,pr
2020-03-18T01:08:17.620Z,17.9136,-66.7043,6,2.52,md,7,210,0.1622,0.32,pr,pr2020078004,2020-03-18T01:41:25.347Z,"Puerto Rico region",earthquake,1.65,0.85,0.11,3,reviewed,pr,pr
2020-03-18T00:42:34.270Z,19.0161,-67.1405,57,3.73,md,12,206,0.7167,0.51,pr,pr2020078001,2020-03-18T08:45:01.943Z,"Puerto Rico region",earthquake,2.71,8.36,0.07,4,reviewed,pr,pr
2020-03-18T00:39:33.330Z,17.8311,-66.8815,13,2.81,md,7,258,0.144,0.12,pr,pr2020078000,2020-03-18T01:18:51.475Z,"Puerto Rico region",earthquake,1.01,0.49,0.19,3,reviewed,pr,pr
2020-03-17T23:14:57.890Z,17.9158,-66.8696,15,2.65,md,8,229,0.0601,0.07,pr,pr2020077038,2020-03-18T00:33:46.130Z,"Puerto Rico region",earthquake,0.76,0.35,0.23,4,reviewed,pr,pr
2020-03-17T22:44:17.410Z,19.1611,-67.7238,77,3.17,md,9,239,0.8143,0.53,pr,pr2020077037,2020-03-18T00:00:20.658Z,"Puerto Rico region",earthquake,4.76,9.41,0.35,6,reviewed,pr,pr
2020-03-17T22:21:51.052Z,17.9873,-66.8069,10,2.8,ml,,172,0.043,0.68,us,us60008hgf,2020-03-17T22:33:55.040Z,"Puerto Rico",earthquake,1.8,1.6,0.063,33,reviewed,us,us
2020-03-17T20:31:38.650Z,17.841,-66.8591,7,3,md,8,255,0.1356,0.07,pr,pr2020077033,2020-03-17T20:41:48.155Z,"Puerto Rico region",earthquake,0.59,0.3,0.21,4,reviewed,pr,pr
2020-03-17T20:16:14.190Z,17.9318,-66.8366,15,2.61,md,8,223,0.0607,0.13,pr,pr2020077031,2020-03-17T20:33:18.680Z,"Puerto Rico region",earthquake,1.06,0.6,0.23,5,reviewed,pr,pr
2020-03-17T19:23:37.160Z,17.8803,-66.8976,9,3.08,md,8,243,0.0966,0.11,pr,pr2020077028,2020-03-17T19:48:38.101Z,"Puerto Rico region",earthquake,0.68,0.64,0.19,3,reviewed,pr,pr
2020-03-17T19:18:46.630Z,17.9791,-66.7833,14,2.61,md,4,323,0.096,0.1,pr,pr2020077029,2020-03-17T19:48:51.237Z,"Puerto Rico region",earthquake,1.13,0.71,0,1,reviewed,pr,pr
2020-03-17T18:50:51.410Z,17.8808,-66.8938,10,2.8,md,8,243,0.0954,0.05,pr,pr2020077027,2020-03-17T20:19:10.040Z,"Puerto Rico region",earthquake,0.53,0.41,0.38,3,reviewed,pr,pr
2020-03-17T18:14:34.653Z,37.0063,27.3892,21.82,4.4,mb,,45,0.986,0.75,us,us60008h9t,2020-03-18T03:29:04.447Z,"western Turkey",earthquake,5.4,5.5,0.082,48,reviewed,us,us
2020-03-17T18:06:03.390Z,17.8933,-66.8441,10,2.61,md,6,239,0.089,0.09,pr,pr2020077024,2020-03-17T19:38:18.290Z,"Puerto Rico region",earthquake,0.92,0.78,0.15,2,reviewed,pr,pr
2020-03-17T17:32:45.280Z,18.0185,-66.7425,9,2.89,md,6,173,0.1384,0.2,pr,pr2020077023,2020-03-17T17:43:17.513Z,"Puerto Rico",earthquake,0.9,3.54,0.22,3,reviewed,pr,pr
2020-03-17T17:09:35.010Z,17.9513,-66.8115,12,2.51,md,6,216,0.0718,0.28,pr,pr2020077022,2020-03-17T17:23:36.281Z,"Puerto Rico region",earthquake,3.03,0.99,0.08,3,reviewed,pr,pr
2020-03-17T16:16:20.780Z,17.8183,-66.8798,29,3.48,md,8,262,0.1568,0.09,pr,pr2020077020,2020-03-18T03:41:12.594Z,"Puerto Rico region",earthquake,0.95,0.71,0.29,5,reviewed,pr,pr
2020-03-17T15:27:03.000Z,17.9138,-66.7486,7,2.63,md,6,240,0.1443,0.12,pr,pr2020077019,2020-03-17T16:13:00.523Z,"Puerto Rico region",earthquake,2.83,2.42,0.13,2,reviewed,pr,pr
2020-03-17T15:21:31.020Z,17.9288,-66.8875,15,2.86,md,8,224,0.047,0.15,pr,pr2020077021,2020-03-17T16:55:40.658Z,"Puerto Rico region",earthquake,1.61,0.49,0.01,3,reviewed,pr,pr
2020-03-17T14:38:15.590Z,17.8865,-66.8755,15,2.86,md,8,241,0.0887,0.1,pr,pr2020077018,2020-03-17T22:40:46.850Z,"Puerto Rico region",earthquake,1.67,0.63,0.15,4,reviewed,pr,pr
2020-03-17T14:20:00.530Z,17.9038,-66.903,8,3.15,ml,8,235,0.0752,0.05,pr,pr2020077017,2020-03-17T14:57:46.877Z,"Puerto Rico region",earthquake,0.69,0.58,0.03,3,reviewed,pr,pr
2020-03-17T13:59:25.063Z,13.4964,-90.8987,35,4.3,mb,,204,1.281,1.08,us,us60008h5l,2020-03-17T19:17:10.985Z,"offshore Guatemala",earthquake,7.8,2,0.111,24,reviewed,us,us
2020-03-17T13:52:12.150Z,18.0421,-66.4068,14,2.91,md,8,183,0.1994,0.31,pr,pr2020077016,2020-03-18T03:40:03.905Z,"Puerto Rico",earthquake,1.02,2.07,0.52,5,reviewed,pr,pr
2020-03-17T09:10:58.040Z,17.9835,-66.7511,17,2.95,md,8,201,0.1284,0.06,pr,pr2020077014,2020-03-17T12:19:56.298Z,"Puerto Rico",earthquake,0.93,0.42,0.25,4,reviewed,pr,pr
2020-03-17T08:56:51.850Z,17.901,-66.8218,8,2.63,md,6,236,0.0937,0.1,pr,pr2020077010,2020-03-17T09:07:46.416Z,"Puerto Rico region",earthquake,0.94,1.59,0.34,3,reviewed,pr,pr
2020-03-17T08:14:02.480Z,17.9511,-66.7268,14,3.25,md,8,228,0.1515,0.18,pr,pr2020077008,2020-03-17T08:41:06.581Z,"Puerto Rico region",earthquake,1.17,1.35,0.23,5,reviewed,pr,pr
2020-03-17T08:10:26.860Z,17.9413,-66.832,12,2.62,md,6,220,0.0581,0.04,pr,pr2020077009,2020-03-17T08:43:16.512Z,"Puerto Rico region",earthquake,0.92,0.47,0.43,6,reviewed,pr,pr
2020-03-17T06:48:48.560Z,17.9015,-66.8788,15,3.07,md,8,235,0.0736,0.06,pr,pr2020077007,2020-03-17T14:51:15.672Z,"Puerto Rico region",earthquake,1.19,0.66,0.13,3,reviewed,pr,pr
2020-03-17T05:25:25.530Z,17.9106,-66.9011,7,2.89,md,6,232,0.0681,0.09,pr,pr2020077004,2020-03-17T05:56:53.229Z,"Puerto Rico region",earthquake,0.8,0.26,0.28,3,reviewed,pr,pr
2020-03-17T05:19:28.270Z,17.9176,-66.8333,10,2.54,md,6,229,0.0736,0.06,pr,pr2020077005,2020-03-17T05:56:32.133Z,"Puerto Rico region",earthquake,1.24,0.74,0.47,6,reviewed,pr,pr
2020-03-17T04:02:10.534Z,34.5558,85.8914,10,4.6,mb,,91,6.623,0.73,us,us60008gy3,2020-03-17T04:17:50.040Z,"western Xizang",earthquake,8.5,1.9,0.091,36,reviewed,us,us
2020-03-17T03:13:38.940Z,17.9256,-67.0298,7,2.8,ml,8,244,0.1136,0.05,pr,pr2020077002,2020-03-17T13:10:56.238Z,"Puerto Rico region",earthquake,0.78,0.3,0,0,reviewed,pr,pr
2020-03-17T02:45:57.810Z,17.894,-66.834,14,2.9,md,8,239,0.0928,0.19,pr,pr2020077003,2020-03-17T03:56:10.225Z,"Puerto Rico region",earthquake,1.73,1.01,0.34,5,reviewed,pr,pr
2020-03-17T02:19:06.550Z,17.8545,-66.8771,13,3.19,md,8,252,0.1206,0.07,pr,pr2020077001,2020-03-17T04:11:47.598Z,"Puerto Rico region",earthquake,1,0.44,0.25,4,reviewed,pr,pr
2020-03-17T01:31:29.130Z,17.9066,-67.0058,8,2.56,md,8,246,0.1439,0.05,pr,pr2020077000,2020-03-17T04:20:11.040Z,"Puerto Rico region",earthquake,0.63,0.78,0.19,5,reviewed,pr,pr
2020-03-17T00:52:56.700Z,39.0184,16.0397,34.32,4.2,mwr,,60,0.581,1.21,us,us60008gwk,2020-03-17T01:23:38.040Z,"southern Italy",earthquake,1.7,5.2,0.066,22,reviewed,us,us
2020-03-17T00:39:25.493Z,-20.1912,-69.238,93.39,4,mb,,70,0.093,0.89,us,us60008gwe,2020-03-17T01:13:02.613Z,"Tarapaca, Chile",earthquake,5.1,4.8,0.212,6,reviewed,us,us
2020-03-17T00:38:36.468Z,36.5698,70.957,208.92,4,mb,,74,2.097,0.76,us,us60008gwi,2020-03-17T04:32:49.101Z,"Hindu Kush region, Afghanistan",earthquake,6.6,15.2,0.232,5,reviewed,us,us
2020-03-16T23:38:13.120Z,17.9526,-66.911,14,2.5,md,5,214,0.039,0.1,pr,pr2020076030,2020-03-16T23:47:50.960Z,"Puerto Rico region",earthquake,1.43,0.6,0.1,2,reviewed,pr,pr
2020-03-16T21:56:22.610Z,18.9101,-67.3775,19,3.23,md,8,286,0.5354,0.45,pr,pr2020076028,2020-03-17T00:01:53.083Z,"Puerto Rico region",earthquake,6.69,13.61,0.23,3,reviewed,pr,pr
2020-03-16T21:13:25.046Z,42.4848,21.0793,10,3,ml,,119,1.346,0.45,us,us60008gu7,2020-03-17T06:03:44.793Z,"Kosovo",earthquake,7.1,2,0.085,18,reviewed,us,us
2020-03-16T21:05:51.770Z,17.8495,-66.8106,7,2.92,md,5,257,0.1431,0.11,pr,pr2020076027,2020-03-16T21:32:52.115Z,"Puerto Rico region",earthquake,1.13,0.58,0,1,reviewed,pr,pr
2020-03-16T20:22:47.170Z,17.8693,-66.839,13,2.7,md,8,246,0.1132,0.06,pr,pr2020076024,2020-03-16T23:59:49.483Z,"Puerto Rico region",earthquake,0.75,0.37,0.23,3,reviewed,pr,pr
2020-03-16T20:16:49.360Z,17.93,-66.8753,14,2.75,md,7,223,0.0453,0.07,pr,pr2020076025,2020-03-16T20:41:22.853Z,"Puerto Rico region",earthquake,0.96,0.56,0.16,2,reviewed,pr,pr
2020-03-16T20:08:03.740Z,17.9423,-66.9538,10,2.9,md,8,221,0.0815,0.1,pr,pr2020076023,2020-03-16T23:57:58.019Z,"Puerto Rico",earthquake,0.74,0.46,0.21,4,reviewed,pr,pr
2020-03-16T18:29:21.120Z,17.883,-66.987,9,2.51,md,7,251,0.1418,0.19,pr,pr2020076022,2020-03-16T20:12:46.582Z,"Puerto Rico region",earthquake,1.34,1,0.16,2,reviewed,pr,pr
2020-03-16T16:05:46.940Z,17.8823,-66.7378,5,2.71,md,8,218,0.1691,0.2,pr,pr2020076020,2020-03-16T16:45:27.040Z,"Puerto Rico region",earthquake,1.11,0.61,0.48,4,reviewed,pr,pr
2020-03-16T15:46:26.090Z,17.854,-66.8715,4,2.9,md,8,231,0.2827,0.3,pr,pr2020076019,2020-03-16T16:35:07.040Z,"Puerto Rico region",earthquake,1.7,1.03,0.27,6,reviewed,pr,pr
2020-03-16T14:45:24.153Z,36.4297,70.6765,121.57,4.3,mb,,84,2.086,0.53,us,us60008gj8,2020-03-16T15:17:00.040Z,"Hindu Kush region, Afghanistan",earthquake,8,12,0.169,10,reviewed,us,us
2020-03-16T14:22:42.910Z,17.9021,-66.8453,5,2.75,md,6,218,0.2774,0.28,pr,pr2020076017,2020-03-16T14:41:00.712Z,"Puerto Rico region",earthquake,1.74,1.26,0.19,4,reviewed,pr,pr
2020-03-16T12:43:00.612Z,2.8772,-84.2556,10,4.9,mb,,146,5.575,0.92,us,us60008ghy,2020-03-16T13:07:18.040Z,"off the coast of Central America",earthquake,9,1.9,0.028,392,reviewed,us,us
2020-03-16T12:26:24.410Z,17.8851,-66.8396,10,2.73,md,5,242,0.2816,0.12,pr,pr2020076016,2020-03-16T12:43:02.363Z,"Puerto Rico region",earthquake,0.86,1,0.26,4,reviewed,pr,pr
2020-03-16T12:09:35.730Z,18.0185,-66.7883,9,2.56,md,6,186,0.1837,0.33,pr,pr2020076014,2020-03-16T12:30:02.772Z,"Puerto Rico",earthquake,1.36,2.82,0.28,5,reviewed,pr,pr
2020-03-16T10:16:09.140Z,17.9708,-66.83,7,2.6,md,7,199,0.2351,0.19,pr,pr2020076012,2020-03-16T11:07:20.910Z,"Puerto Rico",earthquake,0.87,1.22,0.34,3,reviewed,pr,pr
2020-03-16T09:40:26.460Z,17.842,-66.8461,15,2.51,md,7,256,0.1371,0.08,pr,pr2020076010,2020-03-16T09:59:02.288Z,"Puerto Rico region",earthquake,1.22,0.83,0.34,3,reviewed,pr,pr
2020-03-16T09:14:18.390Z,17.9363,-66.825,8,2.63,md,6,222,0.2433,0.14,pr,pr2020076009,2020-03-16T09:34:28.570Z,"Puerto Rico region",earthquake,1.22,1.22,0.1,3,reviewed,pr,pr
2020-03-16T07:13:56.567Z,35.6367,44.2425,10,4.4,mb,,100,0.999,0.75,us,us60008gdm,2020-03-16T13:22:48.274Z,"Iraq",earthquake,4.9,1.9,0.088,37,reviewed,us,us
2020-03-16T06:09:12.680Z,17.9596,-66.8313,17,3.02,md,7,212,0.0503,0.09,pr,pr2020076006,2020-03-16T19:08:44.174Z,"Puerto Rico",earthquake,1.17,0.53,0.16,4,reviewed,pr,pr
2020-03-16T03:53:24.796Z,1.1944,-78.5939,10,4.9,mb,,134,0.961,0.99,us,us60008gaz,2020-03-17T00:20:53.013Z,"Colombia-Ecuador border region",earthquake,8.5,1.9,0.027,438,reviewed,us,us
2020-03-16T03:20:58.150Z,17.8983,-66.884,12,2.75,md,6,236,0.0769,0.08,pr,pr2020076003,2020-03-16T03:36:29.740Z,"Puerto Rico region",earthquake,1.06,0.63,0.08,2,reviewed,pr,pr
2020-03-16T03:02:40.350Z,17.8183,-66.8703,8,3.01,md,7,262,0.157,0.05,pr,pr2020076000,2020-03-16T03:12:48.954Z,"Puerto Rico region",earthquake,0.63,1.07,0.25,4,reviewed,pr,pr
2020-03-16T01:53:23.772Z,35.2452,27.0086,10,4.6,mb,,51,0.326,1.21,us,us60008g9t,2020-03-16T02:19:51.040Z,"Dodecanese Islands, Greece",earthquake,5.3,1.9,0.06,83,reviewed,us,us
2020-03-16T00:09:14.370Z,10.3587,-62.6053,34.33,4.7,mwr,,39,1.994,0.88,us,us60008g99,2020-03-16T21:33:48.140Z,"Gulf of Paria, Venezuela",earthquake,6.9,4.7,0.054,33,reviewed,us,us
2020-03-15T23:33:20.980Z,17.9808,-66.791,18,2.53,md,8,197,0.0884,0.13,pr,pr2020075032,2020-03-16T21:52:37.040Z,"Puerto Rico region",earthquake,1.35,0.97,0.26,5,reviewed,pr,pr
2020-03-15T22:48:11.010Z,17.867,-66.9485,9,2.62,md,8,252,0.1284,0.15,pr,pr2020075029,2020-03-16T00:48:47.040Z,"Puerto Rico region",earthquake,1.19,1.12,0.27,3,reviewed,pr,pr
2020-03-15T22:23:35.030Z,17.8871,-66.7233,5,2.55,md,6,216,0.179,0.19,pr,pr2020075031,2020-03-16T00:48:04.382Z,"Puerto Rico region",earthquake,1.16,0.67,0.36,2,reviewed,pr,pr
2020-03-15T22:04:25.403Z,27.4043,55.3461,10,5.3,mww,,38,2.567,0.63,us,us60008g7m,2020-03-16T14:53:57.040Z,"southern Iran",earthquake,6.8,1.8,0.078,16,reviewed,us,us
2020-03-15T19:44:59.970Z,17.9988,-66.7423,18,3.06,md,7,189,0.1389,0.12,pr,pr2020075026,2020-03-16T07:18:33.672Z,"Puerto Rico",earthquake,1.16,0.92,0.22,4,reviewed,pr,pr
2020-03-15T18:33:38.867Z,0.4108,-68.9891,10,4.8,mb,,94,6.91,0.98,us,us60008g51,2020-03-15T18:49:11.040Z,"Amazonas, Brazil",earthquake,8.9,1.9,0.109,26,reviewed,us,us
2020-03-15T18:09:59.800Z,17.9035,-66.7955,11,2.78,md,6,237,0.1101,0.09,pr,pr2020075024,2020-03-15T19:37:13.997Z,"Puerto Rico region",earthquake,0.94,0.78,0.02,3,reviewed,pr,pr
2020-03-15T17:39:47.060Z,17.9851,-66.8133,14,2.61,md,7,188,0.0667,0.2,pr,pr2020075025,2020-03-15T19:52:55.606Z,"Puerto Rico",earthquake,1.16,1.11,0.1,3,reviewed,pr,pr
2020-03-15T17:30:56.305Z,5.8,-32.9002,10,4.7,mb,,90,12.901,0.86,us,us60008g4n,2020-03-15T18:54:35.040Z,"central Mid-Atlantic Ridge",earthquake,8.7,1.7,0.054,103,reviewed,us,us
2020-03-15T17:28:44.670Z,17.9895,-66.7983,14,2.61,md,5,187,0.0822,0.12,pr,pr2020075022,2020-03-15T19:36:44.838Z,"Puerto Rico region",earthquake,1.57,1.34,0.01,3,reviewed,pr,pr
2020-03-15T17:27:09.375Z,36.0998,31.1182,70.1,4.4,mb,,140,1.17,0.81,us,us60008g49,2020-03-15T20:24:09.040Z,"western Turkey",earthquake,4.4,10.3,0.123,19,reviewed,us,us
2020-03-15T16:17:04.699Z,32.6608,85.4123,10,4.2,mb,,114,4.84,0.77,us,us60008g3i,2020-03-15T17:13:09.040Z,"western Xizang",earthquake,7.8,1.9,0.132,19,reviewed,us,us
2020-03-15T15:00:16.956Z,28.1619,83.475,10,4.3,mb,,99,2.955,0.96,us,us60008g2y,2020-03-16T03:03:36.195Z,"Nepal",earthquake,9.3,1.9,0.082,42,reviewed,us,us
2020-03-15T14:36:35.836Z,-21.8951,-68.6778,117.91,4.2,mb,,77,0.533,0.65,us,us60008g2n,2020-03-15T15:22:44.040Z,"Antofagasta, Chile",earthquake,4.3,7.8,0.216,9,reviewed,us,us
2020-03-15T14:30:51.820Z,17.8894,-66.7515,1,3.05,md,6,216,0.2113,0.24,pr,pr2020075017,2020-03-15T15:14:42.521Z,"Puerto Rico region",earthquake,1.1,0.93,0.32,4,reviewed,pr,pr
2020-03-15T14:25:18.215Z,37.1515,71.1704,91.05,4.3,mb,,66,1.81,0.4,us,us60008g2h,2020-03-15T15:05:57.040Z,"Hindu Kush region, Afghanistan",earthquake,7.6,9.7,0.106,26,reviewed,us,us
2020-03-15T12:40:33.330Z,17.9473,-66.7486,8,2.68,md,4,203,0.1714,0.03,pr,pr2020075015,2020-03-15T12:58:41.163Z,"Puerto Rico region",earthquake,0.88,1.89,0.41,3,reviewed,pr,pr
2020-03-15T12:11:33.727Z,-21.2867,-68.9536,126.38,4.2,mb,,58,0.554,0.62,us,us60008g19,2020-03-15T12:24:34.040Z,"Tarapaca, Chile",earthquake,7.1,9.3,0.187,8,reviewed,us,us
2020-03-15T11:29:06.426Z,39.8151,13.3187,475.49,4.4,mb,,57,1.544,0.92,us,us60008g0w,2020-03-15T11:46:37.040Z,"Tyrrhenian Sea",earthquake,14.2,14.3,0.105,26,reviewed,us,us
2020-03-15T11:17:18.290Z,17.9263,-66.9631,12,2.72,md,4,229,0.0971,0.07,pr,pr2020075011,2020-03-15T11:52:04.393Z,"Puerto Rico region",earthquake,0.97,0.63,0.09,2,reviewed,pr,pr
2020-03-15T10:56:33.520Z,17.9785,-66.8148,17,2.95,md,6,195,0.0645,0.05,pr,pr2020075010,2020-03-15T11:58:43.371Z,"Puerto Rico",earthquake,1.04,0.77,0.38,3,reviewed,pr,pr
2020-03-15T10:35:33.894Z,37.4578,36.1208,10,4.2,mb,,115,0.913,0.96,us,us60008g0e,2020-03-15T11:04:09.077Z,"central Turkey",earthquake,4.2,1.9,0.167,10,reviewed,us,us
2020-03-15T10:08:17.238Z,32.2389,-16.732,10,3.8,ml,,133,0.702,1.18,us,us60008g09,2020-03-15T14:50:28.767Z,"Madeira Islands, Portugal region",earthquake,3.5,2,0.181,4,reviewed,us,us
2020-03-15T09:34:52.422Z,14.8819,-91.2007,161.87,4.4,mb,,94,0.522,0.92,us,us60008fzz,2020-03-15T10:19:15.040Z,"Guatemala",earthquake,7.8,9.8,0.135,16,reviewed,us,us
2020-03-15T09:21:04.619Z,36.4219,71.159,85.03,4.2,mb,,76,2.314,1.21,us,us60008fzt,2020-03-15T10:10:08.040Z,"Hindu Kush region, Afghanistan",earthquake,7.5,10.7,0.136,15,reviewed,us,us
2020-03-15T06:32:57.466Z,-20.5593,-69.1714,111.92,4.1,mb,,61,0.416,0.78,us,us60008fy8,2020-03-15T07:24:49.442Z,"Tarapaca, Chile",earthquake,4.1,5.7,0.151,13,reviewed,us,us
2020-03-15T06:02:03.780Z,39.82,-29.4524,10,4.3,mb,,162,3.692,0.5,us,us60008fyi,2020-03-15T06:59:56.040Z,"Azores Islands, Portugal",earthquake,9.9,1.7,0.116,21,reviewed,us,us
2020-03-15T05:57:06.380Z,17.9608,-66.8355,7,2.7,md,7,202,0.2435,0.24,pr,pr2020075007,2020-03-15T06:18:16.392Z,"Puerto Rico",earthquake,1.23,1.45,0.02,3,reviewed,pr,pr
2020-03-15T03:35:02.860Z,17.8843,-66.718,5,3.2,md,8,217,0.185,0.26,pr,pr2020075006,2020-03-15T11:37:37.331Z,"Puerto Rico region",earthquake,1.67,0.94,0.42,5,reviewed,pr,pr
2020-03-15T02:41:26.260Z,17.9363,-66.9365,7,2.83,md,6,222,0.0692,0.13,pr,pr2020075002,2020-03-15T03:02:51.939Z,"Puerto Rico region",earthquake,1.12,0.43,0.41,5,reviewed,pr,pr
2020-03-15T01:22:17.338Z,15.0591,-92.7537,87.09,5.1,mwr,,121,1.153,0.85,us,us60008fuy,2020-03-15T18:38:43.211Z,"offshore Chiapas, Mexico",earthquake,6.6,6.2,0.089,12,reviewed,us,us
2020-03-14T21:59:23.800Z,17.807,-66.931,7,2.54,md,8,266,0.1759,0.33,pr,pr2020074035,2020-03-14T22:56:50.136Z,"Puerto Rico region",earthquake,1.77,1.02,0.36,6,reviewed,pr,pr
2020-03-14T21:45:04.030Z,17.7813,-66.9311,8,2.62,md,8,271,0.2006,0.08,pr,pr2020074036,2020-03-14T22:56:54.700Z,"Puerto Rico region",earthquake,0.81,0.61,0.33,3,reviewed,pr,pr
2020-03-14T21:14:25.610Z,17.8855,-66.7133,5,2.62,md,7,216,0.1885,0.16,pr,pr2020074031,2020-03-14T21:47:04.842Z,"Puerto Rico region",earthquake,0.96,0.6,0.24,4,reviewed,pr,pr
2020-03-14T21:08:58.250Z,17.86,-66.7943,5,2.82,md,6,252,0.143,0.07,pr,pr2020074034,2020-03-14T22:57:44.716Z,"Puerto Rico region",earthquake,0.74,0.43,0.15,4,reviewed,pr,pr
2020-03-14T20:46:40.764Z,17.79,-66.8745,10,2.8,ml,,219,0.24,0.58,us,us60008frl,2020-03-14T21:22:10.343Z,"Puerto Rico region",earthquake,1.1,2,0.061,35,reviewed,us,us
2020-03-14T19:31:53.980Z,17.874,-66.7423,7,2.52,md,8,219,0.1702,0.16,pr,pr2020074030,2020-03-15T03:34:30.435Z,"Puerto Rico region",earthquake,1.66,1.99,0.36,5,reviewed,pr,pr
2020-03-14T18:30:33.911Z,3.5745,94.5803,10,4.4,mb,,118,2.875,0.63,us,us60008fqs,2020-03-14T20:36:20.040Z,"off the west coast of northern Sumatra",earthquake,3.9,1.9,0.089,36,reviewed,us,us
2020-03-14T17:51:24.170Z,17.843,-66.8521,3,2.6,md,6,255,0.1348,0.16,pr,pr2020074029,2020-03-14T19:29:35.941Z,"Puerto Rico region",earthquake,0.77,0.63,0.36,2,reviewed,pr,pr
2020-03-14T15:42:47.602Z,21.1676,-45.8177,10,4.7,mb,,138,22.269,0.63,us,us60008fpd,2020-03-14T17:15:35.040Z,"northern Mid-Atlantic Ridge",earthquake,10.9,1.8,0.077,51,reviewed,us,us
2020-03-14T15:23:44.850Z,17.8425,-66.8646,4,2.57,md,6,255,0.1334,0.27,pr,pr2020074024,2020-03-14T16:35:47.180Z,"Puerto Rico region",earthquake,1.08,0.89,0.07,3,reviewed,pr,pr
2020-03-14T14:46:07.830Z,17.8375,-66.8665,12,2.64,md,8,256,0.1382,0.1,pr,pr2020074023,2020-03-14T16:04:45.105Z,"Puerto Rico region",earthquake,0.73,0.74,0.26,3,reviewed,pr,pr
2020-03-14T10:58:51.540Z,18.3938,-67.3853,19,3.05,md,9,223,0.0943,0.04,pr,pr2020074021,2020-03-14T12:59:21.100Z,"Mona Passage, Puerto Rico",earthquake,2.85,0.65,0.25,6,reviewed,pr,pr
2020-03-14T10:22:03.770Z,19.1175,-66.825,28,3.4,md,12,221,0.7053,0.25,pr,pr2020074020,2020-03-14T16:47:33.572Z,"Puerto Rico region",earthquake,1.28,12.48,0.22,5,reviewed,pr,pr
2020-03-14T09:48:10.760Z,17.9388,-66.7601,11,2.62,md,7,228,0.1245,0.12,pr,pr2020074019,2020-03-14T11:02:04.441Z,"Puerto Rico region",earthquake,0.84,0.59,0.26,4,reviewed,pr,pr
2020-03-14T09:01:11.460Z,17.8295,-66.8698,3,2.69,md,6,259,0.1459,0.09,pr,pr2020074018,2020-03-14T09:18:40.710Z,"Puerto Rico region",earthquake,1.28,0.74,0.11,3,reviewed,pr,pr
2020-03-14T08:21:05.209Z,35.53566667,-96.76033333,7,2.63,ml,83,34,0,0.13,ok,ok2020feag,2020-03-17T00:14:56.762Z,"Oklahoma",earthquake,,0.3,0.22,33,reviewed,ok,ok
2020-03-14T07:16:56.530Z,17.9385,-66.9318,9,2.63,md,5,221,0.0641,0.04,pr,pr2020074015,2020-03-14T07:58:04.252Z,"Puerto Rico region",earthquake,0.67,0.47,0.12,3,reviewed,pr,pr
2020-03-14T07:00:37.710Z,17.9223,-66.9143,12,2.54,md,5,228,0.0634,0.09,pr,pr2020074012,2020-03-14T07:39:31.194Z,"Puerto Rico region",earthquake,1.02,0.69,0,3,reviewed,pr,pr
2020-03-14T06:42:52.530Z,17.924,-66.83,14,2.81,md,6,228,0.0709,0.09,pr,pr2020074013,2020-03-14T07:38:01.811Z,"Puerto Rico region",earthquake,1.32,0.66,0.21,4,reviewed,pr,pr
2020-03-14T06:37:21.900Z,17.9671,-67.1648,11,2.83,md,6,291,0.0678,0.05,pr,pr2020074011,2020-03-14T07:41:37.284Z,"Puerto Rico",earthquake,1.89,0.62,0.32,4,reviewed,pr,pr
2020-03-14T05:00:48.976Z,-18.5542,-69.7667,131.84,4.3,mb,,73,0.328,0.81,us,us60008fib,2020-03-14T06:54:41.040Z,"Tarapaca, Chile",earthquake,7.5,7.5,0.238,5,reviewed,us,us
2020-03-14T04:25:37.970Z,17.9388,-66.9075,11,2.94,md,8,220,0.046,0.08,pr,pr2020074010,2020-03-14T07:26:34.936Z,"Puerto Rico region",earthquake,0.87,0.48,0.47,5,reviewed,pr,pr
2020-03-14T04:12:58.770Z,17.974,-66.8225,17,2.65,md,6,201,0.0567,0.05,pr,pr2020074009,2020-03-14T05:08:49.135Z,"Puerto Rico",earthquake,1.12,0.69,0.16,5,reviewed,pr,pr
2020-03-14T04:05:53.590Z,17.886,-66.9296,6,2.72,md,5,242,0.1024,0.04,pr,pr2020074008,2020-03-14T05:08:34.623Z,"Puerto Rico region",earthquake,0.88,0.43,0.12,3,reviewed,pr,pr
2020-03-14T03:42:55.970Z,17.8813,-66.8103,7,2.83,md,8,244,0.1164,0.04,pr,pr2020074007,2020-03-14T04:08:47.238Z,"Puerto Rico region",earthquake,0.8,0.38,0.33,5,reviewed,pr,pr
2020-03-14T03:03:14.590Z,17.8853,-66.7371,6,3.06,md,6,250,0.1681,0.04,pr,pr2020074006,2020-03-14T03:35:25.812Z,"Puerto Rico region",earthquake,0.73,0.4,0.15,4,reviewed,pr,pr
2020-03-14T02:20:26.700Z,17.924,-66.5481,12,3.14,md,8,208,0.1323,0.22,pr,pr2020074005,2020-03-14T03:23:37.505Z,"Puerto Rico region",earthquake,1.28,0.8,0.25,4,reviewed,pr,pr
2020-03-14T01:34:52.150Z,17.9091,-66.9443,8,2.91,md,8,235,0.0927,0.07,pr,pr2020074004,2020-03-14T02:16:47.510Z,"Puerto Rico region",earthquake,0.68,1.04,0.03,3,reviewed,pr,pr
2020-03-14T01:27:26.607Z,-23.9407,-66.8965,220.33,4.3,mb,,58,1.534,0.76,us,us60008fgl,2020-03-14T01:41:46.040Z,"Jujuy, Argentina",earthquake,8.9,10.3,0.266,4,reviewed,us,us
2020-03-14T01:26:56.410Z,17.944,-66.9085,11,2.84,md,8,217,0.0427,0.09,pr,pr2020074003,2020-03-14T02:09:42.063Z,"Puerto Rico region",earthquake,0.82,0.44,0.33,5,reviewed,pr,pr
2020-03-14T00:01:25.130Z,17.9395,-66.5565,13,2.63,md,7,204,0.1146,0.17,pr,pr2020074000,2020-03-14T00:48:28.840Z,"Puerto Rico region",earthquake,0.93,0.59,0.31,6,reviewed,pr,pr
2020-03-13T23:21:11.370Z,17.9428,-66.8588,10,2.63,md,8,218,0.0382,0.08,pr,pr2020073030,2020-03-14T00:32:39.776Z,"Puerto Rico region",earthquake,0.86,0.38,0.31,4,reviewed,pr,pr
2020-03-13T22:29:46.700Z,17.8843,-66.7301,5,2.66,md,8,217,0.1746,0.13,pr,pr2020073028,2020-03-16T21:59:40.040Z,"Puerto Rico region",earthquake,0.92,0.56,0.29,5,reviewed,pr,pr
2020-03-13T20:06:33.990Z,17.912,-66.9395,6,3.32,md,8,224,0.0873,0.22,pr,pr2020073024,2020-03-13T22:57:26.541Z,"Puerto Rico region",earthquake,1.55,0.6,0.35,5,reviewed,pr,pr
2020-03-13T18:37:44.140Z,-4.8972,38.5527,15,4.9,mb,,37,2.572,0.5,us,us60008f7y,2020-03-15T20:19:41.366Z,"Tanzania",earthquake,8.1,4.3,0.063,82,reviewed,us,us
2020-03-13T15:11:20.560Z,17.8201,-66.828,4,2.68,md,7,262,0.1632,0.18,pr,pr2020073018,2020-03-13T15:50:10.905Z,"Puerto Rico region",earthquake,0.74,0.64,0.29,2,reviewed,pr,pr
2020-03-13T14:08:42.210Z,35.536,-96.76166667,7.88,2.86,ml,99,39,0,0.19,ok,ok2020fcqf,2020-03-16T13:43:58.040Z,"Oklahoma",earthquake,,0.5,0.21,42,reviewed,ok,ok
2020-03-13T14:01:58.680Z,17.9246,-67.0165,7,2.57,md,6,240,0.1239,0.09,pr,pr2020073016,2020-03-13T14:23:09.391Z,"Puerto Rico region",earthquake,1,0.33,0.2,3,reviewed,pr,pr
2020-03-13T13:25:20.830Z,17.9556,-66.813,11,2.8,md,8,215,0.069,0.24,pr,pr2020073015,2020-03-13T14:00:10.599Z,"Puerto Rico region",earthquake,1.39,0.8,0,3,reviewed,pr,pr
2020-03-13T13:07:29.130Z,17.8845,-66.736,3,3.19,md,9,217,0.1694,0.2,pr,pr2020073013,2020-03-16T13:53:54.040Z,"Puerto Rico region",earthquake,1.03,0.72,0.27,6,reviewed,pr,pr
2020-03-13T12:43:55.660Z,17.8906,-67.0303,7,2.54,md,3,268,0.1403,0.13,pr,pr2020073012,2020-03-13T13:20:58.182Z,"Puerto Rico region",earthquake,2.65,1.22,0,1,reviewed,pr,pr
2020-03-13T11:05:04.250Z,17.971,-66.9571,8,2.52,md,8,198,0.078,0.12,pr,pr2020073009,2020-03-13T12:13:47.484Z,"Puerto Rico",earthquake,0.67,0.86,0.02,3,reviewed,pr,pr
2020-03-13T10:44:36.000Z,17.8441,-66.8228,9,2.62,md,8,255,0.1426,0.08,pr,pr2020073010,2020-03-13T12:05:00.283Z,"Puerto Rico region",earthquake,0.77,1.08,0.31,4,reviewed,pr,pr
2020-03-13T10:35:04.640Z,17.9306,-67.01,7,2.73,md,7,236,0.1251,0.09,pr,pr2020073008,2020-03-13T11:06:34.146Z,"Puerto Rico region",earthquake,0.8,0.29,0.16,3,reviewed,pr,pr
2020-03-13T07:20:02.810Z,17.991,-66.7741,16,2.66,md,8,190,0.1063,0.21,pr,pr2020073004,2020-03-13T08:03:24.509Z,"Puerto Rico region",earthquake,1.28,1.55,0.42,7,reviewed,pr,pr
2020-03-13T07:02:04.604Z,32.6811,47.3561,10,4.8,mb,,57,2.784,0.67,us,us60008evx,2020-03-13T07:30:07.739Z,"Iran-Iraq border region",earthquake,6.4,1.9,0.06,86,reviewed,us,us
2020-03-13T04:46:39.405Z,8.2595,-82.8339,10,5.1,mb,,120,0.503,1.2,us,us60008euj,2020-03-14T04:45:38.772Z,"Panama-Costa Rica border region",earthquake,8.3,1.9,0.024,583,reviewed,us,us
2020-03-13T04:01:22.060Z,19.5866,-64.7533,52,3.86,md,9,316,1.8129,0.3,pr,pr2020073002,2020-03-13T04:36:42.250Z,"Virgin Islands region",earthquake,4.48,20.64,0.09,6,reviewed,pr,pr
2020-03-13T02:28:10.650Z,17.9053,-66.918,7,2.68,md,8,234,0.0799,0.11,pr,pr2020073001,2020-03-13T04:24:50.023Z,"Puerto Rico region",earthquake,1.22,0.35,0.41,8,reviewed,pr,pr
2020-03-13T02:08:02.620Z,-19.9839,-69.3564,108.04,5.2,mww,,75,0.246,1.11,us,us60008eru,2020-03-13T14:39:32.040Z,"Tarapaca, Chile",earthquake,5.8,3.7,0.054,33,reviewed,us,us
2020-03-12T23:44:28.927Z,-22.1711,-67.4751,205.58,4.3,mb,,52,1.013,0.98,us,us60008eqr,2020-03-13T04:18:17.040Z,"Potosi, Bolivia",earthquake,4.4,14.9,0.201,7,reviewed,us,us
2020-03-12T22:35:32.720Z,17.8451,-66.8601,4,2.63,md,8,255,0.1314,0.19,pr,pr2020072023,2020-03-13T02:21:15.601Z,"Puerto Rico region",earthquake,1.08,0.71,0.33,5,reviewed,pr,pr
2020-03-12T17:13:37.610Z,17.8,-66.9176,9,2.84,md,7,247,0.1793,0.48,pr,pr2020072017,2020-03-13T00:09:59.040Z,"Puerto Rico region",earthquake,2.17,1.34,0.32,4,reviewed,pr,pr
2020-03-12T15:55:39.530Z,17.9736,-66.7306,7,2.85,md,6,193,0.1423,0.13,pr,pr2020072014,2020-03-12T17:04:14.551Z,"Puerto Rico region",earthquake,1.38,0.4,0.18,3,reviewed,pr,pr
2020-03-12T15:44:02.725Z,32.7316,85.3695,10,5,mb,,26,4.917,0.78,us,us60008ecp,2020-03-14T15:23:06.040Z,"western Xizang",earthquake,7.6,1.8,0.053,113,reviewed,us,us
2020-03-12T14:29:12.120Z,17.8113,-66.8886,6,2.65,md,5,269,0.1641,0.09,pr,pr2020072013,2020-03-12T14:53:41.719Z,"Puerto Rico region",earthquake,0.95,0.86,0.24,2,reviewed,pr,pr
2020-03-12T13:08:21.330Z,17.9195,-66.9631,10,2.59,ml,8,232,0.1006,0.16,pr,pr2020072012,2020-03-12T15:08:49.040Z,"Puerto Rico region",earthquake,1,0.85,0,0,reviewed,pr,pr
2020-03-12T09:53:42.140Z,18.6493,-64.41,40,3.4,md,5,349,1.5256,0.31,pr,pr2020072009,2020-03-12T13:38:26.485Z,"Virgin Islands region",earthquake,7.3,18.77,0.27,2,reviewed,pr,pr
2020-03-12T08:03:18.752Z,-8.8683,110.5738,88.31,5.1,mb,,91,0.951,0.91,us,us60008e67,2020-03-12T09:55:31.015Z,"Java, Indonesia",earthquake,4.8,5.5,0.077,55,reviewed,us,us
2020-03-12T06:31:51.040Z,17.8891,-66.7946,7,2.69,md,6,243,0.1206,0.04,pr,pr2020072007,2020-03-12T10:21:22.533Z,"Puerto Rico region",earthquake,0.73,0.36,0.2,3,reviewed,pr,pr
2020-03-12T04:42:38.180Z,17.983,-67.0366,7,2.96,md,8,197,0.0766,0.11,pr,pr2020072006,2020-03-13T10:38:03.932Z,"Puerto Rico",earthquake,0.99,0.43,0.36,5,reviewed,pr,pr
2020-03-12T03:46:33.372Z,38.4234,-96.8947,13.01,2.6,mb_lg,,97,0.712,0.4,us,us60008e44,2020-03-13T11:46:07.479Z,"Kansas",earthquake,2,8.1,0.069,54,reviewed,us,us
2020-03-12T03:19:27.000Z,18.0203,-66.7796,16,2.53,md,5,163,0.1094,0.1,pr,pr2020072005,2020-03-12T03:30:39.801Z,"Puerto Rico",earthquake,2.029,1.46,0.39,5,reviewed,pr,pr
2020-03-12T01:05:57.960Z,18.0061,-66.7355,18,2.63,md,6,185,0.1344,0.05,pr,pr2020072002,2020-03-12T01:38:20.890Z,"Puerto Rico",earthquake,0.83,0.45,0.23,4,reviewed,pr,pr
2020-03-12T00:04:27.460Z,17.9046,-66.8978,10,2.64,md,7,234,0.0729,0.06,pr,pr2020072000,2020-03-12T00:55:51.654Z,"Puerto Rico region",earthquake,0.7,0.48,0.24,4,reviewed,pr,pr
2020-03-11T23:53:09.620Z,17.8933,-66.8411,14,2.73,md,7,238,0.0902,0.14,pr,pr2020071030,2020-03-12T00:29:37.565Z,"Puerto Rico region",earthquake,1.43,0.83,0.26,5,reviewed,pr,pr
2020-03-11T23:22:37.470Z,17.9098,-66.7513,6,2.61,md,8,240,0.1436,0.07,pr,pr2020071032,2020-03-12T07:25:10.066Z,"Puerto Rico region",earthquake,0.8,0.35,0.3,6,reviewed,pr,pr
2020-03-11T21:16:04.690Z,17.951,-66.8043,16,2.7,md,6,217,0.0787,0.09,pr,pr2020071027,2020-03-11T22:56:28.838Z,"Puerto Rico region",earthquake,1.12,0.54,0.32,4,reviewed,pr,pr
2020-03-11T19:58:44.710Z,17.8766,-66.8626,13,2.64,md,7,244,0.0999,0.07,pr,pr2020071026,2020-03-16T18:00:28.040Z,"Puerto Rico region",earthquake,0.96,0.3,0.34,3,reviewed,pr,pr
2020-03-11T19:09:31.810Z,17.8891,-66.7478,6,3.32,md,8,248,0.157,0.08,pr,pr2020071024,2020-03-12T17:06:17.946Z,"Puerto Rico region",earthquake,0.68,0.43,0.23,5,reviewed,pr,pr
2020-03-11T17:42:29.440Z,17.9248,-66.9535,4,3.11,md,7,244,0.0897,0.13,pr,pr2020071023,2020-03-11T21:55:53.040Z,"Puerto Rico region",earthquake,0.83,0.59,0.34,4,reviewed,pr,pr
2020-03-11T17:11:20.543Z,38.7066,69.6056,10,4.2,mb,,84,0.353,1,us,us60008gkt,2020-03-17T18:15:22.040Z,"Tajikistan",earthquake,2.5,2,0.304,3,reviewed,us,us
2020-03-11T16:49:25.759Z,15.8225,-96.3883,35.95,4.3,mb,,215,2.711,0.95,us,us60008dr6,2020-03-17T04:59:47.306Z,"Oaxaca, Mexico",earthquake,10.3,14,0.084,40,reviewed,us,us
2020-03-11T14:19:27.846Z,31.9655,78.6522,35,4.1,mb,,173,4.834,0.75,us,us60008dp6,2020-03-11T15:38:19.040Z,"western Xizang-India border region",earthquake,3.1,2,0.234,5,reviewed,us,us
2020-03-11T13:57:35.173Z,-21.6078,-68.3588,100.84,4.6,mww,,41,0.842,0.69,us,us60008dnh,2020-03-11T14:27:57.040Z,"Antofagasta, Chile",earthquake,6.5,5.5,0.08,15,reviewed,us,us
2020-03-11T13:50:46.456Z,15.8892,-96.5894,33.2,4.3,mb,,215,2.521,0.82,us,us60008dmy,2020-03-11T21:16:15.305Z,"Oaxaca, Mexico",earthquake,13.1,6.5,0.048,123,reviewed,us,us
2020-03-11T13:43:34.990Z,17.9658,-66.829,13,3.02,md,7,228,0.0511,0.19,pr,pr2020071017,2020-03-12T01:35:24.959Z,"Puerto Rico",earthquake,1.53,1,0.29,3,reviewed,pr,pr
2020-03-11T12:38:12.090Z,17.9176,-66.848,16,2.68,md,5,229,0.0654,0.14,pr,pr2020071016,2020-03-11T20:40:47.414Z,"Puerto Rico region",earthquake,1.43,0.81,0.3,3,reviewed,pr,pr
2020-03-11T10:43:39.657Z,43.2925,-73.6371,12.55,3.1,mb_lg,,51,0.094,0.32,us,us60008dlh,2020-03-17T15:21:10.836Z,"New York",earthquake,2.1,4.3,0.058,78,reviewed,us,us
2020-03-11T10:28:42.870Z,17.9426,-66.8543,18,2.65,md,6,234,0.0409,0.11,pr,pr2020071014,2020-03-11T10:55:12.850Z,"Puerto Rico region",earthquake,1.12,0.48,0.13,3,reviewed,pr,pr
2020-03-11T10:24:07.050Z,29.5028,52.162,10,4.2,mb,,86,5.792,0.44,us,us60008dlc,2020-03-11T18:26:51.897Z,"southern Iran",earthquake,7.7,1.9,0.113,22,reviewed,us,us
2020-03-11T09:42:06.850Z,17.9783,-66.8266,16,2.8,md,6,195,0.0527,0.05,pr,pr2020071013,2020-03-11T10:39:45.600Z,"Puerto Rico",earthquake,0.92,0.55,0.15,3,reviewed,pr,pr
2020-03-11T08:39:14.450Z,19.4225,-67.7298,39,3.33,md,6,318,1.0678,0.37,pr,pr2020071012,2020-03-18T07:20:25.040Z,"Puerto Rico region",earthquake,4.26,26.9,0.33,2,reviewed,pr,pr
2020-03-11T08:00:27.060Z,17.9033,-66.8695,7,2.51,md,5,235,0.0725,0.05,pr,pr2020071011,2020-03-11T08:12:47.340Z,"Puerto Rico region",earthquake,1.17,0.35,0.23,2,reviewed,pr,pr
2020-03-11T07:07:41.460Z,17.9448,-66.8501,12,3.22,md,8,217,0.042,0.15,pr,pr2020071010,2020-03-18T07:04:30.040Z,"Puerto Rico region",earthquake,1.16,0.57,0.19,4,reviewed,pr,pr
2020-03-11T07:06:55.288Z,43.1316,80.3487,10,4.2,mb,,63,1.566,1.4,us,us60008djf,2020-03-18T06:59:33.040Z,"Kazakhstan-Xinjiang border region",earthquake,6.6,1.9,0.159,11,reviewed,us,us
2020-03-11T06:55:56.090Z,17.8316,-66.8601,9,3.03,md,7,259,0.1448,0.06,pr,pr2020071009,2020-03-18T06:38:51.040Z,"Puerto Rico region",earthquake,0.63,0.95,0.22,4,reviewed,pr,pr
2020-03-11T06:43:45.062Z,17.5475,-95.5203,35.47,4.5,mb,,137,2.906,0.76,us,us60008diy,2020-03-11T20:47:21.443Z,"Oaxaca, Mexico",earthquake,8.8,10.6,0.044,154,reviewed,us,us
2020-03-11T06:39:53.880Z,17.9083,-66.8728,9,2.58,md,6,232,0.0671,0.05,pr,pr2020071008,2020-03-11T06:52:59.757Z,"Puerto Rico region",earthquake,0.84,0.52,0.38,2,reviewed,pr,pr
2020-03-11T06:19:59.090Z,17.8295,-66.8543,7,2.58,md,6,258,0.1477,0.09,pr,pr2020071007,2020-03-11T06:53:17.589Z,"Puerto Rico region",earthquake,0.92,0.45,0.41,5,reviewed,pr,pr
2020-03-11T05:36:36.130Z,19.0563,-64.9396,32,3.63,md,4,336,1.2894,0.14,pr,pr2020071006,2020-03-18T05:31:33.040Z,"Virgin Islands region",earthquake,2.23,12.69,0.15,3,reviewed,pr,pr
2020-03-11T05:17:01.160Z,17.8353,-66.8651,10,2.65,md,6,257,0.1405,0.07,pr,pr2020071005,2020-03-11T05:53:35.673Z,"Puerto Rico region",earthquake,0.65,0.96,0.46,6,reviewed,pr,pr
2020-03-11T05:15:51.450Z,17.8336,-66.865,10,2.54,md,6,258,0.1422,0.06,pr,pr2020071004,2020-03-11T05:36:50.592Z,"Puerto Rico region",earthquake,0.65,0.9,0.41,6,reviewed,pr,pr
2020-03-11T02:42:43.110Z,38.2466,74.0685,161.03,4.3,mb,,87,2.155,0.57,us,us60008dh0,2020-03-11T02:55:24.040Z,"Tajikistan",earthquake,8,13.3,0.238,5,reviewed,us,us
2020-03-11T02:22:08.560Z,17.9203,-66.9945,13,2.84,md,5,237,0.1277,0.08,pr,pr2020071000,2020-03-11T03:11:09.645Z,"Puerto Rico region",earthquake,1.05,0.63,0.09,2,reviewed,pr,pr
